{
  "Logistic Regression": {
    "accuracy": 0.7259620371330775,
    "precision": 0.7131714988171862,
    "recall": 0.7259620371330775,
    "f1_score": 0.6991933904650132
  },
  "Decision Tree": {
    "accuracy": 0.9265636344777513,
    "precision": 0.9273059166161537,
    "recall": 0.9265636344777513,
    "f1_score": 0.9268343778203629
  },
  "Random Forest": {
    "accuracy": 0.9418110154548284,
    "precision": 0.9428084676606555,
    "recall": 0.9418110154548284,
    "f1_score": 0.9421081145996408
  }
}